repo_name,file_path,cluster_id,anomaly_score
next.js,packages/next/src/bin/next.ts,0,0.3075
next.js,packages/next/src/build/adapter/build-complete.ts,0,0.9239
next.js,packages/next/src/build/analysis/get-page-static-info.ts,1,0.4795
next.js,packages/next/src/build/define-env.ts,1,0.1674
next.js,packages/next/src/build/index.ts,0,0.3391
next.js,packages/next/src/build/static-paths/app.ts,0,0.6356
next.js,packages/next/src/build/swc/index.ts,1,0.1484
next.js,packages/next/src/build/templates/app-page.ts,1,0.184
next.js,packages/next/src/build/templates/edge-ssr-app.ts,1,0.0375
next.js,packages/next/src/build/utils.ts,0,0.2885
next.js,packages/next/src/build/webpack-config.ts,1,0.2321
next.js,packages/next/src/client/app-index.tsx,1,0.2667
next.js,packages/next/src/client/components/app-router.tsx,1,0.1528
next.js,packages/next/src/client/components/layout-router.tsx,0,0.3538
next.js,packages/next/src/client/components/router-reducer/create-initial-router-state.test.tsx,1,0.287
next.js,packages/next/src/client/components/router-reducer/create-initial-router-state.ts,2,1.0
next.js,packages/next/src/client/components/router-reducer/fetch-server-response.ts,1,0.1518
next.js,packages/next/src/client/components/router-reducer/ppr-navigations.ts,1,0.1991
next.js,packages/next/src/client/components/router-reducer/reducers/navigate-reducer.ts,2,0.9922
next.js,packages/next/src/client/components/router-reducer/reducers/refresh-reducer.ts,2,0.989
next.js,packages/next/src/client/components/router-reducer/reducers/server-action-reducer.ts,1,0.5296
next.js,packages/next/src/client/components/segment-cache-impl/cache.ts,1,0.2424
next.js,packages/next/src/client/components/segment-cache-impl/navigation.ts,1,0.182
next.js,packages/next/src/client/route-params.ts,1,0.3916
next.js,packages/next/src/compiled/react-dom-experimental/cjs/react-dom-client.development.js,1,0.198
next.js,packages/next/src/compiled/react-dom-experimental/cjs/react-dom-client.production.js,1,0.0849
next.js,packages/next/src/compiled/react-dom-experimental/cjs/react-dom-profiling.development.js,1,0.2166
next.js,packages/next/src/compiled/react-dom-experimental/cjs/react-dom-profiling.profiling.js,1,0.1256
next.js,packages/next/src/compiled/react-dom-experimental/cjs/react-dom-server-legacy.browser.development.js,1,0.0368
next.js,packages/next/src/compiled/react-dom-experimental/cjs/react-dom-server-legacy.browser.production.js,1,0.0217
next.js,packages/next/src/compiled/react-dom-experimental/cjs/react-dom-server-legacy.node.development.js,1,0.0368
next.js,packages/next/src/compiled/react-dom-experimental/cjs/react-dom-server-legacy.node.production.js,1,0.0217
next.js,packages/next/src/compiled/react-dom-experimental/cjs/react-dom-server.browser.development.js,1,0.0223
next.js,packages/next/src/compiled/react-dom-experimental/cjs/react-dom-server.browser.production.js,1,0.0253
next.js,packages/next/src/compiled/react-dom-experimental/cjs/react-dom-server.bun.production.js,0,0.6519
next.js,packages/next/src/compiled/react-dom-experimental/cjs/react-dom-server.edge.development.js,1,0.0184
next.js,packages/next/src/compiled/react-dom-experimental/cjs/react-dom-server.edge.production.js,1,0.0246
next.js,packages/next/src/compiled/react-dom-experimental/cjs/react-dom-server.node.development.js,1,0.0271
next.js,packages/next/src/compiled/react-dom-experimental/cjs/react-dom-server.node.production.js,1,0.0322
next.js,packages/next/src/compiled/react-dom-experimental/cjs/react-dom-unstable_testing.development.js,1,0.1972
next.js,packages/next/src/compiled/react-dom-experimental/cjs/react-dom-unstable_testing.production.js,1,0.1011
next.js,packages/next/src/compiled/react-dom-experimental/cjs/react-dom.development.js,1,0.0369
next.js,packages/next/src/compiled/react-dom-experimental/cjs/react-dom.production.js,1,0.0362
next.js,packages/next/src/compiled/react-dom-experimental/cjs/react-dom.react-server.development.js,1,0.0555
next.js,packages/next/src/compiled/react-dom-experimental/cjs/react-dom.react-server.production.js,1,0.0431
next.js,packages/next/src/compiled/react-dom/cjs/react-dom-client.development.js,1,0.2007
next.js,packages/next/src/compiled/react-dom/cjs/react-dom-client.production.js,1,0.1012
next.js,packages/next/src/compiled/react-dom/cjs/react-dom-profiling.development.js,1,0.2082
next.js,packages/next/src/compiled/react-dom/cjs/react-dom-profiling.profiling.js,1,0.1071
next.js,packages/next/src/compiled/react-dom/cjs/react-dom-server-legacy.browser.development.js,1,0.0266
next.js,packages/next/src/compiled/react-dom/cjs/react-dom-server-legacy.browser.production.js,1,0.0165
next.js,packages/next/src/compiled/react-dom/cjs/react-dom-server-legacy.node.development.js,1,0.0266
next.js,packages/next/src/compiled/react-dom/cjs/react-dom-server-legacy.node.production.js,1,0.0031
next.js,packages/next/src/compiled/react-dom/cjs/react-dom-server.browser.development.js,1,0.0147
next.js,packages/next/src/compiled/react-dom/cjs/react-dom-server.browser.production.js,1,0.0081
next.js,packages/next/src/compiled/react-dom/cjs/react-dom-server.bun.production.js,0,0.6294
next.js,packages/next/src/compiled/react-dom/cjs/react-dom-server.edge.development.js,1,0.0147
next.js,packages/next/src/compiled/react-dom/cjs/react-dom-server.edge.production.js,1,0.0081
next.js,packages/next/src/compiled/react-dom/cjs/react-dom-server.node.development.js,1,0.0187
next.js,packages/next/src/compiled/react-dom/cjs/react-dom-server.node.production.js,1,0.0079
next.js,packages/next/src/compiled/react-dom/cjs/react-dom.development.js,1,0.0369
next.js,packages/next/src/compiled/react-dom/cjs/react-dom.production.js,1,0.0362
next.js,packages/next/src/compiled/react-dom/cjs/react-dom.react-server.development.js,1,0.0555
next.js,packages/next/src/compiled/react-dom/cjs/react-dom.react-server.production.js,1,0.0431
next.js,packages/next/src/compiled/react-experimental/cjs/react.development.js,1,0.0148
next.js,packages/next/src/compiled/react-experimental/cjs/react.production.js,1,0.0304
next.js,packages/next/src/compiled/react-experimental/cjs/react.react-server.development.js,1,0.014
next.js,packages/next/src/compiled/react-experimental/cjs/react.react-server.production.js,1,0.0341
next.js,packages/next/src/compiled/react-server-dom-turbopack-experimental/cjs/react-server-dom-turbopack-client.browser.development.js,1,0.0039
next.js,packages/next/src/compiled/react-server-dom-turbopack-experimental/cjs/react-server-dom-turbopack-client.edge.development.js,1,0.0298
next.js,packages/next/src/compiled/react-server-dom-turbopack-experimental/cjs/react-server-dom-turbopack-client.node.development.js,1,0.0303
next.js,packages/next/src/compiled/react-server-dom-turbopack-experimental/cjs/react-server-dom-turbopack-server.node.development.js,1,0.1786
next.js,packages/next/src/compiled/react-server-dom-turbopack/cjs/react-server-dom-turbopack-client.browser.development.js,1,0.0
next.js,packages/next/src/compiled/react-server-dom-turbopack/cjs/react-server-dom-turbopack-client.edge.development.js,1,0.0284
next.js,packages/next/src/compiled/react-server-dom-turbopack/cjs/react-server-dom-turbopack-client.node.development.js,1,0.0231
next.js,packages/next/src/compiled/react-server-dom-turbopack/cjs/react-server-dom-turbopack-server.node.development.js,1,0.0751
next.js,packages/next/src/compiled/react-server-dom-webpack-experimental/cjs/react-server-dom-webpack-client.browser.development.js,1,0.0039
next.js,packages/next/src/compiled/react-server-dom-webpack-experimental/cjs/react-server-dom-webpack-client.edge.development.js,1,0.0298
next.js,packages/next/src/compiled/react-server-dom-webpack-experimental/cjs/react-server-dom-webpack-client.node.development.js,1,0.0303
next.js,packages/next/src/compiled/react-server-dom-webpack-experimental/cjs/react-server-dom-webpack-client.node.unbundled.development.js,1,0.0339
next.js,packages/next/src/compiled/react-server-dom-webpack-experimental/cjs/react-server-dom-webpack-server.node.development.js,1,0.1786
next.js,packages/next/src/compiled/react-server-dom-webpack-experimental/cjs/react-server-dom-webpack-server.node.unbundled.development.js,1,0.2023
next.js,packages/next/src/compiled/react-server-dom-webpack/cjs/react-server-dom-webpack-client.browser.development.js,1,0.0
next.js,packages/next/src/compiled/react-server-dom-webpack/cjs/react-server-dom-webpack-client.edge.development.js,1,0.0284
next.js,packages/next/src/compiled/react-server-dom-webpack/cjs/react-server-dom-webpack-client.node.development.js,1,0.0231
next.js,packages/next/src/compiled/react-server-dom-webpack/cjs/react-server-dom-webpack-client.node.unbundled.development.js,1,0.0244
next.js,packages/next/src/compiled/react-server-dom-webpack/cjs/react-server-dom-webpack-server.node.development.js,1,0.0751
next.js,packages/next/src/compiled/react-server-dom-webpack/cjs/react-server-dom-webpack-server.node.unbundled.development.js,1,0.0772
next.js,packages/next/src/compiled/react/cjs/react.development.js,1,0.0373
next.js,packages/next/src/compiled/react/cjs/react.production.js,1,0.0555
next.js,packages/next/src/compiled/react/cjs/react.react-server.development.js,1,0.0256
next.js,packages/next/src/compiled/react/cjs/react.react-server.production.js,1,0.0457
next.js,packages/next/src/compiled/unistore/unistore.js,1,0.0665
next.js,packages/next/src/export/index.ts,1,0.0633
next.js,packages/next/src/server/app-render/app-render.tsx,0,0.418
next.js,packages/next/src/server/app-render/collect-segment-data.tsx,1,0.0993
next.js,packages/next/src/server/app-render/types.ts,1,0.1699
next.js,packages/next/src/server/base-server.ts,1,0.1633
next.js,packages/next/src/server/config-schema.ts,1,0.0436
next.js,packages/next/src/server/config-shared.ts,1,0.0367
next.js,packages/next/src/server/config.ts,1,0.2806
next.js,packages/next/src/server/dev/hot-reloader-turbopack.ts,0,0.2423
next.js,packages/next/src/server/dev/hot-reloader-webpack.ts,0,0.3115
next.js,packages/next/src/server/dev/next-dev-server.ts,0,0.3071
next.js,packages/next/src/server/lib/router-utils/setup-dev-bundler.ts,0,0.3658
next.js,packages/next/src/server/lib/start-server.ts,1,0.1433
next.js,packages/next/src/server/next-server.ts,1,0.1388
next.js,packages/next/src/shared/lib/app-router-types.ts,1,0.1042
next.js,test/development/acceptance-app/hydration-error.test.ts,1,0.108
next.js,test/development/app-dir/cache-components-dev-errors/cache-components-dev-errors.test.ts,1,0.2622
next.js,test/development/app-dir/hydration-error-count/hydration-error-count.test.ts,1,0.4992
next.js,test/development/middleware-errors/index.test.ts,1,0.0306
next.js,test/e2e/app-dir/cache-components-errors/cache-components-errors.test.ts,1,0.3038
next.js,test/e2e/app-dir/server-source-maps/server-source-maps.test.ts,1,0.0219
next.js,test/lib/next-modes/base.ts,1,0.1969
next.js,test/production/app-dir/build-output-prerender/build-output-prerender.test.ts,1,0.0504
next.js,test/production/next-server-nft/next-server-nft.test.ts,1,0.084
